{
    "folders": {
        "www": "/home/pi/fabscan/src/www/",
        "scans": "/home/pi/scans/"
    },
    "laser": {
        "interleaved": "False",
        "numbers": 1,
        "color": "R (RGB)"
    },
    "scanner_type": "laserscanner",
    "calibration": {
        "weight_matrix": [],
        "dist_camera_matrix": [],
        "pattern": {
            "square_size": 10,
            "rows": 7,
            "columns": 10,
            "origin_distance": 47.2
        },
        "camera_matrix": [
            [
                1298.254,
                0.0,
                595.21
            ],
            [
                0.0,
                1301.956,
                831.867
            ],
            [
                0.0,
                0.0,
                1.0
            ]
        ],
        "distortion_vector": [
            0.256,
            -0.684,
            0.009,
            -0.006,
            0.488
        ],
        "laser_planes": [
            {
                "distance": 90.15919331872892,
                "normal": [
                    0.8199560153115244,
                    0.0022685666737694184,
                    0.5724220353547662
                ],
                "deviation": 0.042544697240763395
            },
            {
                "distance": 90.08683660482671,
                "normal": [
                    -0.8296601029228783,
                    0.01066551951589122,
                    0.5581669645468603
                ],
                "deviation": 0.024257069997934505
            }
        ],
        "platform_translation": [
            -1.6093339210032784,
            47.46389650348537,
            159.85499134807057
        ],
        "platform_rotation": [
            [
                0.0,
                0.9999841769001594,
                -0.005625473252175097
            ],
            [
                0.005969139004487912,
                -0.005625373031731197,
                -0.9999663617131324
            ],
            [
                -0.9999821845310771,
                -3.3579231808261834e-05,
                -0.005969044554205481
            ]
        ]
    },
    "meshlab": {
        "path": "/usr/bin/"
    },
    "process_numbers": 3,
    "turntable": {
        "steps": 6400,
        "radius": 70,
        "height": 155
    },
    "camera": {
        "resolution": {
            "width": 1640,
            "height": 1232
        },
        "preview_resolution": {
            "width": 800,
            "height": 600
        },
        "image_path": "/home/pi/scans/dummy/",
        "rotate": "True",
        "hflip": "True",
        "vflip": "False",
        "type": "dummy",
        "undistort": "False"
    },
    "connector": {
        "type": "dummy"
    },
    "texture_illumination": 250,
    "keep_raw_images": "True",
    "discoverable": "True",
    "online_lookup_ip": "8.8.8.8"
}